{
  "n_total": 8,
  "n_filtered": 8,
  "n_selected": 5,
  "filters": {
    "min_iptm": 0.1,
    "min_iplddt": 0.4,
    "min_ipsae": null
  },
  "designs": [
    {
      "design_name": "design_1_seq2",
      "sample_name": "design_1_seq2_model_0",
      "ipsae": 0.199668,
      "ipsae_d0chn": 0.439576,
      "ipsae_d0dom": 0.263937,
      "confidence_score": 0.5329782962799072,
      "iptm": 0.44010502099990845,
      "protein_iptm": 0.44010502099990845,
      "complex_plddt": 0.5561966300010681,
      "complex_iplddt": 0.45390889048576355,
      "ptm": 0.5194891691207886,
      "complex_pde": 3.133340358734131,
      "complex_ipde": 10.152440071105957,
      "structure_file": "/cluster/scratch/csageder/pgdh_outputs/boltz/20260227_223924/design_1_seq2/boltz_results_design_1_seq2/predictions/design_1_seq2/design_1_seq2_model_0.pdb",
      "pae_file": "/cluster/scratch/csageder/pgdh_outputs/boltz/20260227_223924/design_1_seq2/boltz_results_design_1_seq2/predictions/design_1_seq2/pae_design_1_seq2_model_0.npz"
    },
    {
      "design_name": "design_1_seq1",
      "sample_name": "design_1_seq1_model_0",
      "ipsae": 0.0,
      "ipsae_d0chn": 0.0,
      "ipsae_d0dom": 0.0,
      "confidence_score": 0.46423768997192383,
      "iptm": 0.15199525654315948,
      "protein_iptm": 0.15199525654315948,
      "complex_plddt": 0.5422983169555664,
      "complex_iplddt": 0.4501418173313141,
      "ptm": 0.4608463943004608,
      "complex_pde": 3.117658853530884,
      "complex_ipde": 10.947850227355957,
      "structure_file": "/cluster/scratch/csageder/pgdh_outputs/boltz/20260227_223924/design_1_seq1/boltz_results_design_1_seq1/predictions/design_1_seq1/design_1_seq1_model_0.pdb",
      "pae_file": "/cluster/scratch/csageder/pgdh_outputs/boltz/20260227_223924/design_1_seq1/boltz_results_design_1_seq1/predictions/design_1_seq1/pae_design_1_seq1_model_0.npz"
    },
    {
      "design_name": "design_0_seq0",
      "sample_name": "design_0_seq0_model_0",
      "ipsae": 0.0,
      "ipsae_d0chn": 0.0,
      "ipsae_d0dom": 0.0,
      "confidence_score": 0.4867982864379883,
      "iptm": 0.12962734699249268,
      "protein_iptm": 0.12962734699249268,
      "complex_plddt": 0.5760910511016846,
      "complex_iplddt": 0.4802127480506897,
      "ptm": 0.43503060936927795,
      "complex_pde": 2.984208583831787,
      "complex_ipde": 11.159546852111816,
      "structure_file": "/cluster/scratch/csageder/pgdh_outputs/boltz/20260227_223924/design_0_seq0/boltz_results_design_0_seq0/predictions/design_0_seq0/design_0_seq0_model_0.pdb",
      "pae_file": "/cluster/scratch/csageder/pgdh_outputs/boltz/20260227_223924/design_0_seq0/boltz_results_design_0_seq0/predictions/design_0_seq0/pae_design_0_seq0_model_0.npz"
    },
    {
      "design_name": "design_0_seq3",
      "sample_name": "design_0_seq3_model_0",
      "ipsae": 0.0,
      "ipsae_d0chn": 0.0,
      "ipsae_d0dom": 0.0,
      "confidence_score": 0.4987647533416748,
      "iptm": 0.1375024914741516,
      "protein_iptm": 0.1375024914741516,
      "complex_plddt": 0.5890803337097168,
      "complex_iplddt": 0.5152366161346436,
      "ptm": 0.4511584937572479,
      "complex_pde": 3.147514820098877,
      "complex_ipde": 11.861355781555176,
      "structure_file": "/cluster/scratch/csageder/pgdh_outputs/boltz/20260227_223924/design_0_seq3/boltz_results_design_0_seq3/predictions/design_0_seq3/design_0_seq3_model_0.pdb",
      "pae_file": "/cluster/scratch/csageder/pgdh_outputs/boltz/20260227_223924/design_0_seq3/boltz_results_design_0_seq3/predictions/design_0_seq3/pae_design_0_seq3_model_0.npz"
    },
    {
      "design_name": "design_1_seq3",
      "sample_name": "design_1_seq3_model_0",
      "ipsae": 0.0,
      "ipsae_d0chn": 0.0,
      "ipsae_d0dom": 0.0,
      "confidence_score": 0.5129601359367371,
      "iptm": 0.14991800487041473,
      "protein_iptm": 0.14991800487041473,
      "complex_plddt": 0.6037206649780273,
      "complex_iplddt": 0.45481011271476746,
      "ptm": 0.5303358435630798,
      "complex_pde": 2.6689202785491943,
      "complex_ipde": 10.756368637084961,
      "structure_file": "/cluster/scratch/csageder/pgdh_outputs/boltz/20260227_223924/design_1_seq3/boltz_results_design_1_seq3/predictions/design_1_seq3/design_1_seq3_model_0.pdb",
      "pae_file": "/cluster/scratch/csageder/pgdh_outputs/boltz/20260227_223924/design_1_seq3/boltz_results_design_1_seq3/predictions/design_1_seq3/pae_design_1_seq3_model_0.npz"
    }
  ]
}