{
  "n_total": 200,
  "n_filtered": 11,
  "n_selected": 11,
  "filters": {
    "min_iptm": 0.3,
    "min_iplddt": 0.5,
    "min_ipsae": null
  },
  "designs": [
    {
      "design_name": "design_47_0_seq0",
      "sample_name": "design_47_0_seq0_model_0",
      "ipsae": 0.283389,
      "ipsae_d0chn": 0.470739,
      "ipsae_d0dom": 0.402151,
      "confidence_score": 0.6980099081993103,
      "iptm": 0.6907838582992554,
      "protein_iptm": 0.6907838582992554,
      "complex_plddt": 0.6998163461685181,
      "complex_iplddt": 0.647625744342804,
      "ptm": 0.6773341298103333,
      "complex_pde": 1.685563087463379,
      "complex_ipde": 7.72403621673584,
      "structure_file": "/cluster/scratch/csageder/pgdh_outputs/boltz/20260228_121048/design_47_0_seq0/boltz_results_design_47_0_seq0/predictions/design_47_0_seq0/design_47_0_seq0_model_0.pdb",
      "pae_file": "/cluster/scratch/csageder/pgdh_outputs/boltz/20260228_121048/design_47_0_seq0/boltz_results_design_47_0_seq0/predictions/design_47_0_seq0/pae_design_47_0_seq0_model_0.npz"
    },
    {
      "design_name": "design_16_0_seq2",
      "sample_name": "design_16_0_seq2_model_0",
      "ipsae": 0.0,
      "ipsae_d0chn": 0.0,
      "ipsae_d0dom": 0.0,
      "confidence_score": 0.5866132974624634,
      "iptm": 0.30001020431518555,
      "protein_iptm": 0.30001020431518555,
      "complex_plddt": 0.6582640409469604,
      "complex_iplddt": 0.5801987648010254,
      "ptm": 0.5101616978645325,
      "complex_pde": 1.8013734817504883,
      "complex_ipde": 10.063716888427734,
      "structure_file": "/cluster/scratch/csageder/pgdh_outputs/boltz/20260228_121048/design_16_0_seq2/boltz_results_design_16_0_seq2/predictions/design_16_0_seq2/design_16_0_seq2_model_0.pdb",
      "pae_file": "/cluster/scratch/csageder/pgdh_outputs/boltz/20260228_121048/design_16_0_seq2/boltz_results_design_16_0_seq2/predictions/design_16_0_seq2/pae_design_16_0_seq2_model_0.npz"
    },
    {
      "design_name": "design_0_0_seq3",
      "sample_name": "design_0_0_seq3_model_0",
      "ipsae": 0.004684,
      "ipsae_d0chn": 0.20474,
      "ipsae_d0dom": 0.004684,
      "confidence_score": 0.6408262252807617,
      "iptm": 0.3430764079093933,
      "protein_iptm": 0.3430764079093933,
      "complex_plddt": 0.7152636647224426,
      "complex_iplddt": 0.7208365201950073,
      "ptm": 0.6777632236480713,
      "complex_pde": 1.1045539379119873,
      "complex_ipde": 9.655808448791504,
      "structure_file": "/cluster/scratch/csageder/pgdh_outputs/boltz/20260228_121048/design_0_0_seq3/boltz_results_design_0_0_seq3/predictions/design_0_0_seq3/design_0_0_seq3_model_0.pdb",
      "pae_file": "/cluster/scratch/csageder/pgdh_outputs/boltz/20260228_121048/design_0_0_seq3/boltz_results_design_0_0_seq3/predictions/design_0_0_seq3/pae_design_0_0_seq3_model_0.npz"
    },
    {
      "design_name": "design_41_0_seq2",
      "sample_name": "design_41_0_seq2_model_0",
      "ipsae": 0.043596,
      "ipsae_d0chn": 0.262334,
      "ipsae_d0dom": 0.147753,
      "confidence_score": 0.6032185554504395,
      "iptm": 0.31992748379707336,
      "protein_iptm": 0.31992748379707336,
      "complex_plddt": 0.6740413308143616,
      "complex_iplddt": 0.6253048181533813,
      "ptm": 0.5809635519981384,
      "complex_pde": 1.584727168083191,
      "complex_ipde": 9.365055084228516,
      "structure_file": "/cluster/scratch/csageder/pgdh_outputs/boltz/20260228_121048/design_41_0_seq2/boltz_results_design_41_0_seq2/predictions/design_41_0_seq2/design_41_0_seq2_model_0.pdb",
      "pae_file": "/cluster/scratch/csageder/pgdh_outputs/boltz/20260228_121048/design_41_0_seq2/boltz_results_design_41_0_seq2/predictions/design_41_0_seq2/pae_design_41_0_seq2_model_0.npz"
    },
    {
      "design_name": "design_4_0_seq3",
      "sample_name": "design_4_0_seq3_model_0",
      "ipsae": 0.024817,
      "ipsae_d0chn": 0.236703,
      "ipsae_d0dom": 0.111612,
      "confidence_score": 0.5943245887756348,
      "iptm": 0.3062605559825897,
      "protein_iptm": 0.3062605559825897,
      "complex_plddt": 0.6663405895233154,
      "complex_iplddt": 0.6212359666824341,
      "ptm": 0.5233707427978516,
      "complex_pde": 1.9637426137924194,
      "complex_ipde": 9.29052734375,
      "structure_file": "/cluster/scratch/csageder/pgdh_outputs/boltz/20260228_121048/design_4_0_seq3/boltz_results_design_4_0_seq3/predictions/design_4_0_seq3/design_4_0_seq3_model_0.pdb",
      "pae_file": "/cluster/scratch/csageder/pgdh_outputs/boltz/20260228_121048/design_4_0_seq3/boltz_results_design_4_0_seq3/predictions/design_4_0_seq3/pae_design_4_0_seq3_model_0.npz"
    },
    {
      "design_name": "design_49_0_seq3",
      "sample_name": "design_49_0_seq3_model_0",
      "ipsae": 0.016699,
      "ipsae_d0chn": 0.229886,
      "ipsae_d0dom": 0.112046,
      "confidence_score": 0.6076005101203918,
      "iptm": 0.3179861307144165,
      "protein_iptm": 0.3179861307144165,
      "complex_plddt": 0.6800040602684021,
      "complex_iplddt": 0.5882250070571899,
      "ptm": 0.5548276305198669,
      "complex_pde": 1.679002285003662,
      "complex_ipde": 8.772072792053223,
      "structure_file": "/cluster/scratch/csageder/pgdh_outputs/boltz/20260228_121048/design_49_0_seq3/boltz_results_design_49_0_seq3/predictions/design_49_0_seq3/design_49_0_seq3_model_0.pdb",
      "pae_file": "/cluster/scratch/csageder/pgdh_outputs/boltz/20260228_121048/design_49_0_seq3/boltz_results_design_49_0_seq3/predictions/design_49_0_seq3/pae_design_49_0_seq3_model_0.npz"
    },
    {
      "design_name": "design_25_0_seq1",
      "sample_name": "design_25_0_seq1_model_0",
      "ipsae": 0.02233,
      "ipsae_d0chn": 0.246399,
      "ipsae_d0dom": 0.131861,
      "confidence_score": 0.5955035090446472,
      "iptm": 0.3136128783226013,
      "protein_iptm": 0.3136128783226013,
      "complex_plddt": 0.6659761071205139,
      "complex_iplddt": 0.5913723707199097,
      "ptm": 0.5190717577934265,
      "complex_pde": 2.0205764770507812,
      "complex_ipde": 10.07060718536377,
      "structure_file": "/cluster/scratch/csageder/pgdh_outputs/boltz/20260228_121048/design_25_0_seq1/boltz_results_design_25_0_seq1/predictions/design_25_0_seq1/design_25_0_seq1_model_0.pdb",
      "pae_file": "/cluster/scratch/csageder/pgdh_outputs/boltz/20260228_121048/design_25_0_seq1/boltz_results_design_25_0_seq1/predictions/design_25_0_seq1/pae_design_25_0_seq1_model_0.npz"
    },
    {
      "design_name": "design_49_0_seq1",
      "sample_name": "design_49_0_seq1_model_0",
      "ipsae": 0.164811,
      "ipsae_d0chn": 0.282343,
      "ipsae_d0dom": 0.250239,
      "confidence_score": 0.6325642466545105,
      "iptm": 0.43117257952690125,
      "protein_iptm": 0.43117257952690125,
      "complex_plddt": 0.6829121112823486,
      "complex_iplddt": 0.6306945085525513,
      "ptm": 0.62721186876297,
      "complex_pde": 1.4751664400100708,
      "complex_ipde": 7.044216156005859,
      "structure_file": "/cluster/scratch/csageder/pgdh_outputs/boltz/20260228_121048/design_49_0_seq1/boltz_results_design_49_0_seq1/predictions/design_49_0_seq1/design_49_0_seq1_model_0.pdb",
      "pae_file": "/cluster/scratch/csageder/pgdh_outputs/boltz/20260228_121048/design_49_0_seq1/boltz_results_design_49_0_seq1/predictions/design_49_0_seq1/pae_design_49_0_seq1_model_0.npz"
    },
    {
      "design_name": "design_33_0_seq0",
      "sample_name": "design_33_0_seq0_model_0",
      "ipsae": 0.155915,
      "ipsae_d0chn": 0.30152,
      "ipsae_d0dom": 0.255153,
      "confidence_score": 0.6552252769470215,
      "iptm": 0.5206236243247986,
      "protein_iptm": 0.5206236243247986,
      "complex_plddt": 0.688875675201416,
      "complex_iplddt": 0.6463965773582458,
      "ptm": 0.6065999269485474,
      "complex_pde": 1.748432993888855,
      "complex_ipde": 7.917391300201416,